{"id":"f849390a-e32f-4ce2-8495-d0bb7d4af82b","version":3,"title":"NPrinting Daily Failed Task Report Template","description":"This report will show failed NPrinting tasks triggered by the reload of the Qlik Sense NPrinting Schedule Monitor. It will only run if there are failed tasks in the last hour.","appName":"NPrinting Schedule Monitor","targetAppId":"00000000-0000-0000-0000-000000000000","targetAppName":null,"targetReportId":null,"created":"2019-06-20T18:55:07.265146","lastUpdate":"2019-06-20T18:55:07.265146","enabled":true,"deleted":false,"onDemandEnabled":true,"reportTypeId":"Html","entitiesXml":"<property name=\"Entities\" type=\"XMLSerializable\" class=\"TNSCOfficeReportEntityList\"><class classname=\"TNSCOfficeReportImageEntity\" name=\"0\"><properties><property name=\"ID\" type=\"UString\">{1E33AC35-8D84-4E60-BD5A-65AA73D39E4E}</property><property name=\"Name\" type=\"UString\">vyRvNw</property><property name=\"Description\" type=\"UString\">IMG - Scheduled Tasks</property><property name=\"Label_\" type=\"UString\">vyRvNw</property><property name=\"DatabaseConnectionID\" type=\"UString\">{148E78A2-13E9-45C2-A525-26E3AF48FBE9}</property><property name=\"DataObjIsEntity\" type=\"Enumeration\">True</property><property name=\"DataObjName\" type=\"UString\">vyRvNw</property><property name=\"Properties\" type=\"XMLSerializable\" class=\"TNSCOfficeReportEntityPropertyList\"><values /></property><property name=\"DataEntityID\" type=\"UString\">O\\vyRvNw</property></properties></class><class classname=\"TNSCOfficeReportImageEntity\" name=\"1\"><properties><property name=\"ID\" type=\"UString\">{4F2D3E96-00D8-4A1D-90C9-89C6C16E3DA1}</property><property name=\"Name\" type=\"UString\">bUfTjP</property><property name=\"Description\" type=\"UString\"></property><property name=\"Label_\" type=\"UString\">bUfTjP</property><property name=\"DatabaseConnectionID\" type=\"UString\">{148E78A2-13E9-45C2-A525-26E3AF48FBE9}</property><property name=\"DataObjIsEntity\" type=\"Enumeration\">True</property><property name=\"DataObjName\" type=\"UString\">bUfTjP</property><property name=\"Properties\" type=\"XMLSerializable\" class=\"TNSCOfficeReportEntityPropertyList\"><values /></property><property name=\"DataEntityID\" type=\"UString\">O\\bUfTjP</property></properties></class><class classname=\"TNSCOfficeReportSingleValueFormulaEntity\" name=\"2\"><properties><property name=\"ID\" type=\"UString\">{B2999317-02C3-45F4-BBE4-53F40CE5FB4B}</property><property name=\"Name\" type=\"UString\">TimeNow</property><property name=\"Description\" type=\"UString\">Report Execution Time</property><property name=\"Label_\" type=\"UString\">TimeNow</property><property name=\"DatabaseConnectionID\" type=\"UString\">{148E78A2-13E9-45C2-A525-26E3AF48FBE9}</property><property name=\"DataObjName\" type=\"UString\"></property><property name=\"Properties\" type=\"XMLSerializable\" class=\"TNSCOfficeReportEntityPropertyList\"><values /></property><property name=\"Formula\" type=\"UString\">Now()</property></properties></class><class classname=\"TNSCOfficeReportSingleValueFormulaEntity\" name=\"3\"><properties><property name=\"ID\" type=\"UString\">{10256C14-FA34-4C70-AC41-B49D33D57DE9}</property><property name=\"Name\" type=\"UString\">Tomorrow</property><property name=\"Description\" type=\"UString\">Tomorrow's data</property><property name=\"Label_\" type=\"UString\">Tomorrow</property><property name=\"DatabaseConnectionID\" type=\"UString\">{148E78A2-13E9-45C2-A525-26E3AF48FBE9}</property><property name=\"DataObjName\" type=\"UString\"></property><property name=\"Properties\" type=\"XMLSerializable\" class=\"TNSCOfficeReportEntityPropertyList\"><values /></property><property name=\"Formula\" type=\"UString\">Date(Today()+1)</property></properties></class><class classname=\"TNSCOfficeReportSingleValueFormulaEntity\" name=\"4\"><properties><property name=\"ID\" type=\"UString\">{BF12C037-18BF-4EEF-B0EE-86EF2D813731}</property><property name=\"Name\" type=\"UString\">Yesterday</property><property name=\"Description\" type=\"UString\">Yesterday's date</property><property name=\"Label_\" type=\"UString\">Yesterday</property><property name=\"DatabaseConnectionID\" type=\"UString\">{148E78A2-13E9-45C2-A525-26E3AF48FBE9}</property><property name=\"DataObjName\" type=\"UString\"></property><property name=\"Properties\" type=\"XMLSerializable\" class=\"TNSCOfficeReportEntityPropertyList\"><values /></property><property name=\"Formula\" type=\"UString\">Date(Today()-1)</property></properties></class><class classname=\"TNSCOfficeReportColumnEntity\" name=\"5\"><properties><property name=\"ID\" type=\"UString\">{971007CA-FE98-48BA-8D5A-B5485A9450EB}</property><property name=\"Name\" type=\"UString\">Task Name</property><property name=\"Description\" type=\"UString\">Task Name</property><property name=\"Label_\" type=\"UString\">Task Name</property><property name=\"DatabaseConnectionID\" type=\"UString\">{148E78A2-13E9-45C2-A525-26E3AF48FBE9}</property><property name=\"DataObjIsEntity\" type=\"Enumeration\">True</property><property name=\"DataObjName\" type=\"UString\">Task Name</property><property name=\"Properties\" type=\"XMLSerializable\" class=\"TNSCOfficeReportEntityPropertyList\"><values><value key=\"htmlcolumntag.htmlencode\" type=\"2\" value=\"0\" /><value key=\"htmlcolumntag.showheader\" type=\"0\" value=\"0\" /></values></property><property name=\"DataEntityID\" type=\"UString\">O\\21cc9cf6-a5d6-42a9-8813-0df4314f8c8d\\($Field$)\\Task Name</property><property name=\"TableID\" type=\"UString\">{A22ED8BA-1BBD-43FC-848F-CF11A43EB382}</property><property name=\"KeepSourceFormats\" type=\"Enumeration\">False</property><property name=\"Format\" type=\"UString\"></property></properties></class><class classname=\"TNSCOfficeReportColumnEntity\" name=\"6\"><properties><property name=\"ID\" type=\"UString\">{56EB7812-AFCC-4E8F-8A1B-1C7B1F6F117D}</property><property name=\"Name\" type=\"UString\">Trigger Name</property><property name=\"Description\" type=\"UString\">Trigger Name</property><property name=\"Label_\" type=\"UString\">Trigger Name</property><property name=\"DatabaseConnectionID\" type=\"UString\">{148E78A2-13E9-45C2-A525-26E3AF48FBE9}</property><property name=\"DataObjIsEntity\" type=\"Enumeration\">True</property><property name=\"DataObjName\" type=\"UString\">Trigger Name</property><property name=\"Properties\" type=\"XMLSerializable\" class=\"TNSCOfficeReportEntityPropertyList\"><values><value key=\"htmlcolumntag.htmlencode\" type=\"2\" value=\"0\" /><value key=\"htmlcolumntag.showheader\" type=\"0\" value=\"0\" /></values></property><property name=\"DataEntityID\" type=\"UString\">O\\21cc9cf6-a5d6-42a9-8813-0df4314f8c8d\\($Field$)\\Trigger Name</property><property name=\"TableID\" type=\"UString\">{A22ED8BA-1BBD-43FC-848F-CF11A43EB382}</property><property name=\"KeepSourceFormats\" type=\"Enumeration\">False</property><property name=\"Format\" type=\"UString\"></property></properties></class><class classname=\"TNSCOfficeReportColumnEntity\" name=\"7\"><properties><property name=\"ID\" type=\"UString\">{ED0EE83C-63CF-42C9-80EB-6CEA8963C282}</property><property name=\"Name\" type=\"UString\">Execution Status</property><property name=\"Description\" type=\"UString\">Execution Status</property><property name=\"Label_\" type=\"UString\">Execution Status</property><property name=\"DatabaseConnectionID\" type=\"UString\">{148E78A2-13E9-45C2-A525-26E3AF48FBE9}</property><property name=\"DataObjIsEntity\" type=\"Enumeration\">True</property><property name=\"DataObjName\" type=\"UString\">Execution Status</property><property name=\"Properties\" type=\"XMLSerializable\" class=\"TNSCOfficeReportEntityPropertyList\"><values><value key=\"htmlcolumntag.htmlencode\" type=\"2\" value=\"0\" /><value key=\"htmlcolumntag.showheader\" type=\"0\" value=\"0\" /></values></property><property name=\"DataEntityID\" type=\"UString\">O\\21cc9cf6-a5d6-42a9-8813-0df4314f8c8d\\($Field$)\\Execution Status</property><property name=\"TableID\" type=\"UString\">{A22ED8BA-1BBD-43FC-848F-CF11A43EB382}</property><property name=\"KeepSourceFormats\" type=\"Enumeration\">False</property><property name=\"Format\" type=\"UString\"></property></properties></class><class classname=\"TNSCOfficeReportColumnEntity\" name=\"8\"><properties><property name=\"ID\" type=\"UString\">{81578DBE-125B-4652-8F2D-47D8E043A6E5}</property><property name=\"Name\" type=\"UString\">Execution Date</property><property name=\"Description\" type=\"UString\">Execution Date</property><property name=\"Label_\" type=\"UString\">Execution Date</property><property name=\"DatabaseConnectionID\" type=\"UString\">{148E78A2-13E9-45C2-A525-26E3AF48FBE9}</property><property name=\"DataObjIsEntity\" type=\"Enumeration\">True</property><property name=\"DataObjName\" type=\"UString\">Execution Date</property><property name=\"Properties\" type=\"XMLSerializable\" class=\"TNSCOfficeReportEntityPropertyList\"><values><value key=\"htmlcolumntag.htmlencode\" type=\"2\" value=\"0\" /><value key=\"htmlcolumntag.showheader\" type=\"0\" value=\"0\" /></values></property><property name=\"DataEntityID\" type=\"UString\">O\\21cc9cf6-a5d6-42a9-8813-0df4314f8c8d\\($Field$)\\Execution Date</property><property name=\"TableID\" type=\"UString\">{A22ED8BA-1BBD-43FC-848F-CF11A43EB382}</property><property name=\"KeepSourceFormats\" type=\"Enumeration\">False</property><property name=\"Format\" type=\"UString\"></property></properties></class><class classname=\"TNSCOfficeReportTableEntity\" name=\"9\"><properties><property name=\"ID\" type=\"UString\">{A22ED8BA-1BBD-43FC-848F-CF11A43EB382}</property><property name=\"Name\" type=\"UString\">NPrinting Failed Tasks Executed (Last 24 Hours)</property><property name=\"Description\" type=\"UString\">NPrinting Failed Tasks Executed (Last 24 Hours)</property><property name=\"Label_\" type=\"UString\">NPrinting Failed Tasks Executed (Last 24 Hours)</property><property name=\"DatabaseConnectionID\" type=\"UString\">{148E78A2-13E9-45C2-A525-26E3AF48FBE9}</property><property name=\"DataObjIsEntity\" type=\"Enumeration\">True</property><property name=\"DataObjName\" type=\"UString\">21cc9cf6-a5d6-42a9-8813-0df4314f8c8d</property><property name=\"Properties\" type=\"XMLSerializable\" class=\"TNSCOfficeReportEntityPropertyList\"><values><value key=\"htmltabletag.showheaders\" type=\"0\" value=\"0\" /></values></property><property name=\"DataEntityID\" type=\"UString\">O\\21cc9cf6-a5d6-42a9-8813-0df4314f8c8d</property></properties></class><class classname=\"TNSCOfficeReportColumnEntity\" name=\"10\"><properties><property name=\"ID\" type=\"UString\">{14BAEDF4-1799-4FFA-A6D2-F87507BF1CCC}</property><property name=\"Name\" type=\"UString\">Task Name_1</property><property name=\"Description\" type=\"UString\">Task Name</property><property name=\"Label_\" type=\"UString\">Task Name_1</property><property name=\"DatabaseConnectionID\" type=\"UString\">{148E78A2-13E9-45C2-A525-26E3AF48FBE9}</property><property name=\"DataObjIsEntity\" type=\"Enumeration\">True</property><property name=\"DataObjName\" type=\"UString\">Task Name</property><property name=\"Properties\" type=\"XMLSerializable\" class=\"TNSCOfficeReportEntityPropertyList\"><values><value key=\"htmlcolumntag.htmlencode\" type=\"2\" value=\"0\" /><value key=\"htmlcolumntag.showheader\" type=\"0\" value=\"0\" /></values></property><property name=\"DataEntityID\" type=\"UString\">O\\0a5f1946-49f2-416f-9aef-341cd3b849dd\\($Field$)\\Task Name</property><property name=\"TableID\" type=\"UString\">{9F527B06-B8C6-47F7-97CC-D5212800C2F9}</property><property name=\"KeepSourceFormats\" type=\"Enumeration\">False</property><property name=\"Format\" type=\"UString\"></property></properties></class><class classname=\"TNSCOfficeReportColumnEntity\" name=\"11\"><properties><property name=\"ID\" type=\"UString\">{583F82ED-3D5D-46A7-BBA0-B1D8AE3F2725}</property><property name=\"Name\" type=\"UString\">Execution Status_1</property><property name=\"Description\" type=\"UString\">Execution Status</property><property name=\"Label_\" type=\"UString\">Execution Status_1</property><property name=\"DatabaseConnectionID\" type=\"UString\">{148E78A2-13E9-45C2-A525-26E3AF48FBE9}</property><property name=\"DataObjIsEntity\" type=\"Enumeration\">True</property><property name=\"DataObjName\" type=\"UString\">Execution Status</property><property name=\"Properties\" type=\"XMLSerializable\" class=\"TNSCOfficeReportEntityPropertyList\"><values><value key=\"htmlcolumntag.htmlencode\" type=\"2\" value=\"0\" /><value key=\"htmlcolumntag.showheader\" type=\"0\" value=\"0\" /></values></property><property name=\"DataEntityID\" type=\"UString\">O\\0a5f1946-49f2-416f-9aef-341cd3b849dd\\($Field$)\\Execution Status</property><property name=\"TableID\" type=\"UString\">{9F527B06-B8C6-47F7-97CC-D5212800C2F9}</property><property name=\"KeepSourceFormats\" type=\"Enumeration\">False</property><property name=\"Format\" type=\"UString\"></property></properties></class><class classname=\"TNSCOfficeReportColumnEntity\" name=\"12\"><properties><property name=\"ID\" type=\"UString\">{B32080BB-28E9-47B9-8689-2171938E1807}</property><property name=\"Name\" type=\"UString\">Execution Date_1</property><property name=\"Description\" type=\"UString\">Execution Date</property><property name=\"Label_\" type=\"UString\">Execution Date_1</property><property name=\"DatabaseConnectionID\" type=\"UString\">{148E78A2-13E9-45C2-A525-26E3AF48FBE9}</property><property name=\"DataObjIsEntity\" type=\"Enumeration\">True</property><property name=\"DataObjName\" type=\"UString\">Execution Date</property><property name=\"Properties\" type=\"XMLSerializable\" class=\"TNSCOfficeReportEntityPropertyList\"><values><value key=\"htmlcolumntag.htmlencode\" type=\"2\" value=\"0\" /><value key=\"htmlcolumntag.showheader\" type=\"0\" value=\"0\" /></values></property><property name=\"DataEntityID\" type=\"UString\">O\\0a5f1946-49f2-416f-9aef-341cd3b849dd\\($Field$)\\Execution Date</property><property name=\"TableID\" type=\"UString\">{9F527B06-B8C6-47F7-97CC-D5212800C2F9}</property><property name=\"KeepSourceFormats\" type=\"Enumeration\">False</property><property name=\"Format\" type=\"UString\"></property></properties></class><class classname=\"TNSCOfficeReportColumnEntity\" name=\"13\"><properties><property name=\"ID\" type=\"UString\">{59182C48-B918-4F6D-9D46-C63F5C1278F0}</property><property name=\"Name\" type=\"UString\"># To be Executed</property><property name=\"Description\" type=\"UString\"># To be Executed</property><property name=\"Label_\" type=\"UString\"># To be Executed</property><property name=\"DatabaseConnectionID\" type=\"UString\">{148E78A2-13E9-45C2-A525-26E3AF48FBE9}</property><property name=\"DataObjIsEntity\" type=\"Enumeration\">True</property><property name=\"DataObjName\" type=\"UString\">COUNT({&lt;[Execution Date]={\"&gt;$(=Now())&lt;=$(=Timestamp(Now()+1))\"}&gt;} DISTINCT [%TaskID])</property><property name=\"Properties\" type=\"XMLSerializable\" class=\"TNSCOfficeReportEntityPropertyList\"><values><value key=\"htmlcolumntag.htmlencode\" type=\"2\" value=\"0\" /><value key=\"htmlcolumntag.showheader\" type=\"0\" value=\"0\" /></values></property><property name=\"DataEntityID\" type=\"UString\">O\\0a5f1946-49f2-416f-9aef-341cd3b849dd\\($Measure$)\\COUNT({&lt;[Execution Date]={\"&gt;$(=Now())&lt;=$(=Timestamp(Now()+1))\"}&gt;} DISTINCT [%TaskID])</property><property name=\"TableID\" type=\"UString\">{9F527B06-B8C6-47F7-97CC-D5212800C2F9}</property><property name=\"KeepSourceFormats\" type=\"Enumeration\">False</property><property name=\"Format\" type=\"UString\"></property></properties></class><class classname=\"TNSCOfficeReportTableEntity\" name=\"14\"><properties><property name=\"ID\" type=\"UString\">{9F527B06-B8C6-47F7-97CC-D5212800C2F9}</property><property name=\"Name\" type=\"UString\">NPrinting Upcoming Tasks (Next 24 Hours)</property><property name=\"Description\" type=\"UString\">NPrinting Upcoming Tasks (Next 24 Hours)</property><property name=\"Label_\" type=\"UString\">NPrinting Upcoming Tasks (Next 24 Hours)</property><property name=\"DatabaseConnectionID\" type=\"UString\">{148E78A2-13E9-45C2-A525-26E3AF48FBE9}</property><property name=\"DataObjIsEntity\" type=\"Enumeration\">True</property><property name=\"DataObjName\" type=\"UString\">0a5f1946-49f2-416f-9aef-341cd3b849dd</property><property name=\"Properties\" type=\"XMLSerializable\" class=\"TNSCOfficeReportEntityPropertyList\"><values><value key=\"htmltabletag.showheaders\" type=\"0\" value=\"0\" /></values></property><property name=\"DataEntityID\" type=\"UString\">O\\0a5f1946-49f2-416f-9aef-341cd3b849dd</property></properties></class><class classname=\"TNSCOfficeReportImageEntity\" name=\"15\"><properties><property name=\"ID\" type=\"UString\">{ED2E68D5-9EA5-4802-BEA1-90B4DCFD8A24}</property><property name=\"Name\" type=\"UString\">KPI_Upcoming</property><property name=\"Description\" type=\"UString\">KPI - Upcoming Tasks Tomorrow</property><property name=\"Label_\" type=\"UString\">KPI_Upcoming</property><property name=\"DatabaseConnectionID\" type=\"UString\">{148E78A2-13E9-45C2-A525-26E3AF48FBE9}</property><property name=\"DataObjIsEntity\" type=\"Enumeration\">True</property><property name=\"DataObjName\" type=\"UString\">6054781b-7c3a-41bf-856a-95daa0195950</property><property name=\"Properties\" type=\"XMLSerializable\" class=\"TNSCOfficeReportEntityPropertyList\"><values /></property><property name=\"DataEntityID\" type=\"UString\">O\\6054781b-7c3a-41bf-856a-95daa0195950</property></properties></class><class classname=\"TNSCOfficeReportImageEntity\" name=\"16\"><properties><property name=\"ID\" type=\"UString\">{EAC5DBE2-3AEA-401F-90DA-E61272A07A1B}</property><property name=\"Name\" type=\"UString\">NQmDhw</property><property name=\"Description\" type=\"UString\">IMG - Failed Tasks</property><property name=\"Label_\" type=\"UString\">NQmDhw</property><property name=\"DatabaseConnectionID\" type=\"UString\">{148E78A2-13E9-45C2-A525-26E3AF48FBE9}</property><property name=\"DataObjIsEntity\" type=\"Enumeration\">True</property><property name=\"DataObjName\" type=\"UString\">NQmDhw</property><property name=\"Properties\" type=\"XMLSerializable\" class=\"TNSCOfficeReportEntityPropertyList\"><values /></property><property name=\"DataEntityID\" type=\"UString\">O\\NQmDhw</property></properties></class><class classname=\"TNSCOfficeReportImageEntity\" name=\"17\"><properties><property name=\"ID\" type=\"UString\">{52F4FAD4-83B5-4A53-8B27-74645BA6BE65}</property><property name=\"Name\" type=\"UString\">MjnKZj</property><property name=\"Description\" type=\"UString\">KPI - Failed Tasks Yesterday</property><property name=\"Label_\" type=\"UString\">MjnKZj</property><property name=\"DatabaseConnectionID\" type=\"UString\">{148E78A2-13E9-45C2-A525-26E3AF48FBE9}</property><property name=\"DataObjIsEntity\" type=\"Enumeration\">True</property><property name=\"DataObjName\" type=\"UString\">MjnKZj</property><property name=\"Properties\" type=\"XMLSerializable\" class=\"TNSCOfficeReportEntityPropertyList\"><values /></property><property name=\"DataEntityID\" type=\"UString\">O\\MjnKZj</property></properties></class><class classname=\"TNSCOfficeReportColumnEntity\" name=\"18\"><properties><property name=\"ID\" type=\"UString\">{C986D0BF-E20C-4E2E-B353-0B82B05D15D8}</property><property name=\"Name\" type=\"UString\">Task_Trigger_1</property><property name=\"Description\" type=\"UString\">Link</property><property name=\"Label_\" type=\"UString\">Task_Trigger_1</property><property name=\"DatabaseConnectionID\" type=\"UString\">{148E78A2-13E9-45C2-A525-26E3AF48FBE9}</property><property name=\"DataObjIsEntity\" type=\"Enumeration\">True</property><property name=\"DataObjName\" type=\"UString\">='&lt;a href=\"'&amp;v_cn_HostName&amp;'/#/tasks/publish/'&amp;[%TaskID]&amp;'/triggers/'&amp;[%TriggerID]&amp;'\"&gt;'&amp;[Task Name]&amp;'&lt;/a&gt;'</property><property name=\"Properties\" type=\"XMLSerializable\" class=\"TNSCOfficeReportEntityPropertyList\"><values><value key=\"htmlcolumntag.htmlencode\" type=\"2\" value=\"0\" /><value key=\"htmlcolumntag.showheader\" type=\"0\" value=\"0\" /></values></property><property name=\"DataEntityID\" type=\"UString\">O\\0a5f1946-49f2-416f-9aef-341cd3b849dd\\($Field$)\\='&lt;a href=\"'&amp;v_cn_HostName&amp;'/#/tasks/publish/'&amp;[%TaskID]&amp;'/triggers/'&amp;[%TriggerID]&amp;'\"&gt;'&amp;[Task Name]&amp;'&lt;/a&gt;'</property><property name=\"TableID\" type=\"UString\">{9F527B06-B8C6-47F7-97CC-D5212800C2F9}</property><property name=\"KeepSourceFormats\" type=\"Enumeration\">False</property><property name=\"Format\" type=\"UString\"></property></properties></class><class classname=\"TNSCOfficeReportColumnEntity\" name=\"19\"><properties><property name=\"ID\" type=\"UString\">{77820A09-6BF2-400A-B67C-52EE824F4024}</property><property name=\"Name\" type=\"UString\"># Executed_1</property><property name=\"Description\" type=\"UString\"># Executed</property><property name=\"Label_\" type=\"UString\"># Executed_1</property><property name=\"DatabaseConnectionID\" type=\"UString\">{148E78A2-13E9-45C2-A525-26E3AF48FBE9}</property><property name=\"DataObjIsEntity\" type=\"Enumeration\">True</property><property name=\"DataObjName\" type=\"UString\">COUNT({&lt;[Execution Status]={\"Failed\"}, [Task Name]-={\"*Cache*\"}, [Execution Date]={\"&gt;=$(=Date(NOW()-1/24, 'M/d/yyyy h:mm:ss TT'))&lt;$(=Date(NOW(), 'M/d/yyyy h:mm:ss TT'))\"}&gt;} DISTINCT [%ExecutionID])</property><property name=\"Properties\" type=\"XMLSerializable\" class=\"TNSCOfficeReportEntityPropertyList\"><values><value key=\"htmlcolumntag.htmlencode\" type=\"2\" value=\"0\" /><value key=\"htmlcolumntag.showheader\" type=\"0\" value=\"0\" /></values></property><property name=\"DataEntityID\" type=\"UString\">O\\21cc9cf6-a5d6-42a9-8813-0df4314f8c8d\\($Measure$)\\COUNT({&lt;[Execution Status]={\"Failed\"}, [Task Name]-={\"*Cache*\"}, [Execution Date]={\"&gt;=$(=Date(NOW()-1/24, 'M/d/yyyy h:mm:ss TT'))&lt;$(=Date(NOW(), 'M/d/yyyy h:mm:ss TT'))\"}&gt;} DISTINCT [%ExecutionID])</property><property name=\"TableID\" type=\"UString\">{A22ED8BA-1BBD-43FC-848F-CF11A43EB382}</property><property name=\"KeepSourceFormats\" type=\"Enumeration\">False</property><property name=\"Format\" type=\"UString\"></property></properties></class><class classname=\"TNSCOfficeReportColumnEntity\" name=\"20\"><properties><property name=\"ID\" type=\"UString\">{7EE58215-B04D-4EFF-9DF5-A0311F3EBD0F}</property><property name=\"Name\" type=\"UString\">Task_Name_1</property><property name=\"Description\" type=\"UString\">Link</property><property name=\"Label_\" type=\"UString\">Task_Name_1</property><property name=\"DatabaseConnectionID\" type=\"UString\">{148E78A2-13E9-45C2-A525-26E3AF48FBE9}</property><property name=\"DataObjIsEntity\" type=\"Enumeration\">True</property><property name=\"DataObjName\" type=\"UString\">='&lt;a href=\"'&amp;v_cn_HostName&amp;'/#/tasks/publish/'&amp;[%TaskID]&amp;'\"&gt;'&amp;[Task Name]&amp;'&lt;/a&gt;'</property><property name=\"Properties\" type=\"XMLSerializable\" class=\"TNSCOfficeReportEntityPropertyList\"><values><value key=\"htmlcolumntag.htmlencode\" type=\"2\" value=\"0\" /><value key=\"htmlcolumntag.showheader\" type=\"0\" value=\"0\" /></values></property><property name=\"DataEntityID\" type=\"UString\">O\\21cc9cf6-a5d6-42a9-8813-0df4314f8c8d\\($Field$)\\='&lt;a href=\"'&amp;v_cn_HostName&amp;'/#/tasks/publish/'&amp;[%TaskID]&amp;'\"&gt;'&amp;[Task Name]&amp;'&lt;/a&gt;'</property><property name=\"TableID\" type=\"UString\">{A22ED8BA-1BBD-43FC-848F-CF11A43EB382}</property><property name=\"KeepSourceFormats\" type=\"Enumeration\">False</property><property name=\"Format\" type=\"UString\"></property></properties></class></property>","templateTree":"{\"$id\":\"1\",\"Root\":{\"$id\":\"2\",\"$type\":\"Qlik.Reporting.Reports.Tree.Template.OfficeReportNode, Qlik.Reporting.Reports.Tree\",\"ReportFormat\":\"html\",\"TemplateFileId\":\"00000000-0000-0000-0000-000000000000\",\"TemplateNodeSettings\":[{\"$id\":\"3\",\"$type\":\"Qlik.Reporting.Reports.Tree.Template.Settings.ImageNodeSettings, Qlik.Reporting.Reports.Tree\",\"ObjectId\":\"O\\\\vyRvNw\",\"IdentityAndFiltersSettings\":2,\"ConnectionId\":\"148e78a2-13e9-45c2-a525-26e3af48fbe9\",\"TemplateId\":\"vyRvNw\",\"PropertyValues\":{\"$id\":\"4\"},\"NodeFilterIds\":[]},{\"$id\":\"5\",\"$type\":\"Qlik.Reporting.Reports.Tree.Template.Settings.ImageNodeSettings, Qlik.Reporting.Reports.Tree\",\"ObjectId\":\"O\\\\bUfTjP\",\"IdentityAndFiltersSettings\":2,\"ConnectionId\":\"148e78a2-13e9-45c2-a525-26e3af48fbe9\",\"TemplateId\":\"bUfTjP\",\"PropertyValues\":{\"$id\":\"6\"},\"NodeFilterIds\":[]},{\"$id\":\"7\",\"$type\":\"Qlik.Reporting.Reports.Tree.Template.Settings.FormulaNodeSettings, Qlik.Reporting.Reports.Tree\",\"Formula\":\"Now()\",\"IdentityAndFiltersSettings\":2,\"ConnectionId\":\"148e78a2-13e9-45c2-a525-26e3af48fbe9\",\"TemplateId\":\"TimeNow\",\"PropertyValues\":{\"$id\":\"8\"},\"NodeFilterIds\":[]},{\"$id\":\"9\",\"$type\":\"Qlik.Reporting.Reports.Tree.Template.Settings.FormulaNodeSettings, Qlik.Reporting.Reports.Tree\",\"Formula\":\"Date(Today()+1)\",\"IdentityAndFiltersSettings\":2,\"ConnectionId\":\"148e78a2-13e9-45c2-a525-26e3af48fbe9\",\"TemplateId\":\"Tomorrow\",\"PropertyValues\":{\"$id\":\"10\"},\"NodeFilterIds\":[]},{\"$id\":\"11\",\"$type\":\"Qlik.Reporting.Reports.Tree.Template.Settings.FormulaNodeSettings, Qlik.Reporting.Reports.Tree\",\"Formula\":\"Date(Today()-1)\",\"IdentityAndFiltersSettings\":2,\"ConnectionId\":\"148e78a2-13e9-45c2-a525-26e3af48fbe9\",\"TemplateId\":\"Yesterday\",\"PropertyValues\":{\"$id\":\"12\"},\"NodeFilterIds\":[]},{\"$id\":\"13\",\"$type\":\"Qlik.Reporting.Reports.Tree.Template.Settings.ColumnNodeSettings, Qlik.Reporting.Reports.Tree\",\"KeepSourceFormats\":false,\"Format\":null,\"TemplateParentId\":\"NPrinting Failed Tasks Executed (Last 24 Hours)\",\"ObjectId\":\"O\\\\21cc9cf6-a5d6-42a9-8813-0df4314f8c8d\\\\($Field$)\\\\Task Name\",\"IdentityAndFiltersSettings\":2,\"ConnectionId\":\"148e78a2-13e9-45c2-a525-26e3af48fbe9\",\"TemplateId\":\"Task Name\",\"PropertyValues\":{\"$id\":\"14\",\"htmlcolumntag.showheader\":0,\"htmlcolumntag.htmlencode\":false},\"NodeFilterIds\":[]},{\"$id\":\"15\",\"$type\":\"Qlik.Reporting.Reports.Tree.Template.Settings.ColumnNodeSettings, Qlik.Reporting.Reports.Tree\",\"KeepSourceFormats\":false,\"Format\":null,\"TemplateParentId\":\"NPrinting Failed Tasks Executed (Last 24 Hours)\",\"ObjectId\":\"O\\\\21cc9cf6-a5d6-42a9-8813-0df4314f8c8d\\\\($Field$)\\\\Trigger Name\",\"IdentityAndFiltersSettings\":2,\"ConnectionId\":\"148e78a2-13e9-45c2-a525-26e3af48fbe9\",\"TemplateId\":\"Trigger Name\",\"PropertyValues\":{\"$id\":\"16\",\"htmlcolumntag.showheader\":0,\"htmlcolumntag.htmlencode\":false},\"NodeFilterIds\":[]},{\"$id\":\"17\",\"$type\":\"Qlik.Reporting.Reports.Tree.Template.Settings.ColumnNodeSettings, Qlik.Reporting.Reports.Tree\",\"KeepSourceFormats\":false,\"Format\":null,\"TemplateParentId\":\"NPrinting Failed Tasks Executed (Last 24 Hours)\",\"ObjectId\":\"O\\\\21cc9cf6-a5d6-42a9-8813-0df4314f8c8d\\\\($Field$)\\\\Execution Status\",\"IdentityAndFiltersSettings\":2,\"ConnectionId\":\"148e78a2-13e9-45c2-a525-26e3af48fbe9\",\"TemplateId\":\"Execution Status\",\"PropertyValues\":{\"$id\":\"18\",\"htmlcolumntag.showheader\":0,\"htmlcolumntag.htmlencode\":false},\"NodeFilterIds\":[]},{\"$id\":\"19\",\"$type\":\"Qlik.Reporting.Reports.Tree.Template.Settings.ColumnNodeSettings, Qlik.Reporting.Reports.Tree\",\"KeepSourceFormats\":false,\"Format\":null,\"TemplateParentId\":\"NPrinting Failed Tasks Executed (Last 24 Hours)\",\"ObjectId\":\"O\\\\21cc9cf6-a5d6-42a9-8813-0df4314f8c8d\\\\($Field$)\\\\Execution Date\",\"IdentityAndFiltersSettings\":2,\"ConnectionId\":\"148e78a2-13e9-45c2-a525-26e3af48fbe9\",\"TemplateId\":\"Execution Date\",\"PropertyValues\":{\"$id\":\"20\",\"htmlcolumntag.showheader\":0,\"htmlcolumntag.htmlencode\":false},\"NodeFilterIds\":[]},{\"$id\":\"21\",\"$type\":\"Qlik.Reporting.Reports.Tree.Template.Settings.TableNodeSettings, Qlik.Reporting.Reports.Tree\",\"KeepSourceFormats\":true,\"ExportedFormatSequence\":[0,1],\"ExportFallbackMechanism\":1,\"ObjectId\":\"O\\\\21cc9cf6-a5d6-42a9-8813-0df4314f8c8d\",\"IdentityAndFiltersSettings\":2,\"ConnectionId\":\"148e78a2-13e9-45c2-a525-26e3af48fbe9\",\"TemplateId\":\"NPrinting Failed Tasks Executed (Last 24 Hours)\",\"PropertyValues\":{\"$id\":\"22\",\"htmltabletag.showheaders\":0},\"NodeFilterIds\":[]},{\"$id\":\"23\",\"$type\":\"Qlik.Reporting.Reports.Tree.Template.Settings.ColumnNodeSettings, Qlik.Reporting.Reports.Tree\",\"KeepSourceFormats\":false,\"Format\":null,\"TemplateParentId\":\"NPrinting Upcoming Tasks (Next 24 Hours)\",\"ObjectId\":\"O\\\\0a5f1946-49f2-416f-9aef-341cd3b849dd\\\\($Field$)\\\\Task Name\",\"IdentityAndFiltersSettings\":2,\"ConnectionId\":\"148e78a2-13e9-45c2-a525-26e3af48fbe9\",\"TemplateId\":\"Task Name_1\",\"PropertyValues\":{\"$id\":\"24\",\"htmlcolumntag.showheader\":0,\"htmlcolumntag.htmlencode\":false},\"NodeFilterIds\":[]},{\"$id\":\"25\",\"$type\":\"Qlik.Reporting.Reports.Tree.Template.Settings.ColumnNodeSettings, Qlik.Reporting.Reports.Tree\",\"KeepSourceFormats\":false,\"Format\":null,\"TemplateParentId\":\"NPrinting Upcoming Tasks (Next 24 Hours)\",\"ObjectId\":\"O\\\\0a5f1946-49f2-416f-9aef-341cd3b849dd\\\\($Field$)\\\\Execution Status\",\"IdentityAndFiltersSettings\":2,\"ConnectionId\":\"148e78a2-13e9-45c2-a525-26e3af48fbe9\",\"TemplateId\":\"Execution Status_1\",\"PropertyValues\":{\"$id\":\"26\",\"htmlcolumntag.showheader\":0,\"htmlcolumntag.htmlencode\":false},\"NodeFilterIds\":[]},{\"$id\":\"27\",\"$type\":\"Qlik.Reporting.Reports.Tree.Template.Settings.ColumnNodeSettings, Qlik.Reporting.Reports.Tree\",\"KeepSourceFormats\":false,\"Format\":null,\"TemplateParentId\":\"NPrinting Upcoming Tasks (Next 24 Hours)\",\"ObjectId\":\"O\\\\0a5f1946-49f2-416f-9aef-341cd3b849dd\\\\($Field$)\\\\Execution Date\",\"IdentityAndFiltersSettings\":2,\"ConnectionId\":\"148e78a2-13e9-45c2-a525-26e3af48fbe9\",\"TemplateId\":\"Execution Date_1\",\"PropertyValues\":{\"$id\":\"28\",\"htmlcolumntag.showheader\":0,\"htmlcolumntag.htmlencode\":false},\"NodeFilterIds\":[]},{\"$id\":\"29\",\"$type\":\"Qlik.Reporting.Reports.Tree.Template.Settings.ColumnNodeSettings, Qlik.Reporting.Reports.Tree\",\"KeepSourceFormats\":false,\"Format\":null,\"TemplateParentId\":\"NPrinting Upcoming Tasks (Next 24 Hours)\",\"ObjectId\":\"O\\\\0a5f1946-49f2-416f-9aef-341cd3b849dd\\\\($Measure$)\\\\COUNT({<[Execution Date]={\\\">$(=Now())<=$(=Timestamp(Now()+1))\\\"}>} DISTINCT [%TaskID])\",\"IdentityAndFiltersSettings\":2,\"ConnectionId\":\"148e78a2-13e9-45c2-a525-26e3af48fbe9\",\"TemplateId\":\"# To be Executed\",\"PropertyValues\":{\"$id\":\"30\",\"htmlcolumntag.showheader\":0,\"htmlcolumntag.htmlencode\":false},\"NodeFilterIds\":[]},{\"$id\":\"31\",\"$type\":\"Qlik.Reporting.Reports.Tree.Template.Settings.TableNodeSettings, Qlik.Reporting.Reports.Tree\",\"KeepSourceFormats\":true,\"ExportedFormatSequence\":[0,1],\"ExportFallbackMechanism\":1,\"ObjectId\":\"O\\\\0a5f1946-49f2-416f-9aef-341cd3b849dd\",\"IdentityAndFiltersSettings\":2,\"ConnectionId\":\"148e78a2-13e9-45c2-a525-26e3af48fbe9\",\"TemplateId\":\"NPrinting Upcoming Tasks (Next 24 Hours)\",\"PropertyValues\":{\"$id\":\"32\",\"htmltabletag.showheaders\":0},\"NodeFilterIds\":[]},{\"$id\":\"33\",\"$type\":\"Qlik.Reporting.Reports.Tree.Template.Settings.ImageNodeSettings, Qlik.Reporting.Reports.Tree\",\"ObjectId\":\"O\\\\6054781b-7c3a-41bf-856a-95daa0195950\",\"IdentityAndFiltersSettings\":2,\"ConnectionId\":\"148e78a2-13e9-45c2-a525-26e3af48fbe9\",\"TemplateId\":\"KPI_Upcoming\",\"PropertyValues\":{\"$id\":\"34\"},\"NodeFilterIds\":[]},{\"$id\":\"35\",\"$type\":\"Qlik.Reporting.Reports.Tree.Template.Settings.ImageNodeSettings, Qlik.Reporting.Reports.Tree\",\"ObjectId\":\"O\\\\NQmDhw\",\"IdentityAndFiltersSettings\":2,\"ConnectionId\":\"148e78a2-13e9-45c2-a525-26e3af48fbe9\",\"TemplateId\":\"NQmDhw\",\"PropertyValues\":{\"$id\":\"36\"},\"NodeFilterIds\":[]},{\"$id\":\"37\",\"$type\":\"Qlik.Reporting.Reports.Tree.Template.Settings.ImageNodeSettings, Qlik.Reporting.Reports.Tree\",\"ObjectId\":\"O\\\\MjnKZj\",\"IdentityAndFiltersSettings\":2,\"ConnectionId\":\"148e78a2-13e9-45c2-a525-26e3af48fbe9\",\"TemplateId\":\"MjnKZj\",\"PropertyValues\":{\"$id\":\"38\"},\"NodeFilterIds\":[]},{\"$id\":\"39\",\"$type\":\"Qlik.Reporting.Reports.Tree.Template.Settings.ColumnNodeSettings, Qlik.Reporting.Reports.Tree\",\"KeepSourceFormats\":false,\"Format\":null,\"TemplateParentId\":\"NPrinting Upcoming Tasks (Next 24 Hours)\",\"ObjectId\":\"O\\\\0a5f1946-49f2-416f-9aef-341cd3b849dd\\\\($Field$)\\\\='<a href=\\\"'&v_cn_HostName&'/#/tasks/publish/'&[%TaskID]&'/triggers/'&[%TriggerID]&'\\\">'&[Task Name]&'</a>'\",\"IdentityAndFiltersSettings\":2,\"ConnectionId\":\"148e78a2-13e9-45c2-a525-26e3af48fbe9\",\"TemplateId\":\"Task_Trigger_1\",\"PropertyValues\":{\"$id\":\"40\",\"htmlcolumntag.showheader\":0,\"htmlcolumntag.htmlencode\":false},\"NodeFilterIds\":[]},{\"$id\":\"41\",\"$type\":\"Qlik.Reporting.Reports.Tree.Template.Settings.ColumnNodeSettings, Qlik.Reporting.Reports.Tree\",\"KeepSourceFormats\":false,\"Format\":null,\"TemplateParentId\":\"NPrinting Failed Tasks Executed (Last 24 Hours)\",\"ObjectId\":\"O\\\\21cc9cf6-a5d6-42a9-8813-0df4314f8c8d\\\\($Measure$)\\\\COUNT({<[Execution Status]={\\\"Failed\\\"}, [Task Name]-={\\\"*Cache*\\\"}, [Execution Date]={\\\">=$(=Date(NOW()-1/24, 'M/d/yyyy h:mm:ss TT'))<$(=Date(NOW(), 'M/d/yyyy h:mm:ss TT'))\\\"}>} DISTINCT [%ExecutionID])\",\"IdentityAndFiltersSettings\":2,\"ConnectionId\":\"148e78a2-13e9-45c2-a525-26e3af48fbe9\",\"TemplateId\":\"# Executed_1\",\"PropertyValues\":{\"$id\":\"42\",\"htmlcolumntag.showheader\":0,\"htmlcolumntag.htmlencode\":false},\"NodeFilterIds\":[]},{\"$id\":\"43\",\"$type\":\"Qlik.Reporting.Reports.Tree.Template.Settings.ColumnNodeSettings, Qlik.Reporting.Reports.Tree\",\"KeepSourceFormats\":false,\"Format\":null,\"TemplateParentId\":\"NPrinting Failed Tasks Executed (Last 24 Hours)\",\"ObjectId\":\"O\\\\21cc9cf6-a5d6-42a9-8813-0df4314f8c8d\\\\($Field$)\\\\='<a href=\\\"'&v_cn_HostName&'/#/tasks/publish/'&[%TaskID]&'\\\">'&[Task Name]&'</a>'\",\"IdentityAndFiltersSettings\":2,\"ConnectionId\":\"148e78a2-13e9-45c2-a525-26e3af48fbe9\",\"TemplateId\":\"Task_Name_1\",\"PropertyValues\":{\"$id\":\"44\",\"htmlcolumntag.showheader\":0,\"htmlcolumntag.htmlencode\":false},\"NodeFilterIds\":[]}],\"NodeFilter\":null,\"NodeFilterIds\":[],\"Children\":[{\"$id\":\"45\",\"$type\":\"Qlik.Reporting.Reports.Tree.Template.ImageNode, Qlik.Reporting.Reports.Tree\",\"WidthMM\":0.0,\"HeightMM\":0.0,\"DefaultDpi\":96,\"Zoom\":1.0,\"KeepAspectRatioStrategy\":0,\"FallbackStrategy\":0,\"ObjectId\":\"O\\\\MjnKZj\",\"NodeFilterIds\":[],\"ConnectionId\":\"148e78a2-13e9-45c2-a525-26e3af48fbe9\",\"TemplateId\":\"MjnKZj\",\"Settings\":{\"$ref\":\"37\"},\"HasChildren\":false,\"NodeFilter\":null,\"Children\":[]},{\"$id\":\"46\",\"$type\":\"Qlik.Reporting.Reports.Tree.Template.ImageNode, Qlik.Reporting.Reports.Tree\",\"WidthMM\":0.0,\"HeightMM\":0.0,\"DefaultDpi\":96,\"Zoom\":1.0,\"KeepAspectRatioStrategy\":0,\"FallbackStrategy\":0,\"ObjectId\":\"O\\\\6054781b-7c3a-41bf-856a-95daa0195950\",\"NodeFilterIds\":[],\"ConnectionId\":\"148e78a2-13e9-45c2-a525-26e3af48fbe9\",\"TemplateId\":\"KPI_Upcoming\",\"Settings\":{\"$ref\":\"33\"},\"HasChildren\":false,\"NodeFilter\":null,\"Children\":[]},{\"$id\":\"47\",\"$type\":\"Qlik.Reporting.Reports.Tree.Template.ImageNode, Qlik.Reporting.Reports.Tree\",\"WidthMM\":0.0,\"HeightMM\":0.0,\"DefaultDpi\":96,\"Zoom\":1.0,\"KeepAspectRatioStrategy\":0,\"FallbackStrategy\":0,\"ObjectId\":\"O\\\\NQmDhw\",\"NodeFilterIds\":[],\"ConnectionId\":\"148e78a2-13e9-45c2-a525-26e3af48fbe9\",\"TemplateId\":\"NQmDhw\",\"Settings\":{\"$ref\":\"35\"},\"HasChildren\":false,\"NodeFilter\":null,\"Children\":[]},{\"$id\":\"48\",\"$type\":\"Qlik.Reporting.Reports.Tree.Template.ColumnNode, Qlik.Reporting.Reports.Tree\",\"NodeFilterIds\":[],\"TemplateParentId\":\"NPrinting Failed Tasks Executed (Last 24 Hours)\",\"ObjectId\":\"O\\\\21cc9cf6-a5d6-42a9-8813-0df4314f8c8d\\\\($Field$)\\\\='<a href=\\\"'&v_cn_HostName&'/#/tasks/publish/'&[%TaskID]&'\\\">'&[Task Name]&'</a>'\",\"ConnectionId\":\"148e78a2-13e9-45c2-a525-26e3af48fbe9\",\"TemplateId\":\"Task_Name_1\",\"Settings\":{\"$ref\":\"43\"},\"HasChildren\":false,\"NodeFilter\":null,\"Children\":[]},{\"$id\":\"49\",\"$type\":\"Qlik.Reporting.Reports.Tree.Template.ColumnNode, Qlik.Reporting.Reports.Tree\",\"NodeFilterIds\":[],\"TemplateParentId\":\"NPrinting Failed Tasks Executed (Last 24 Hours)\",\"ObjectId\":\"O\\\\21cc9cf6-a5d6-42a9-8813-0df4314f8c8d\\\\($Field$)\\\\Execution Status\",\"ConnectionId\":\"148e78a2-13e9-45c2-a525-26e3af48fbe9\",\"TemplateId\":\"Execution Status\",\"Settings\":{\"$ref\":\"17\"},\"HasChildren\":false,\"NodeFilter\":null,\"Children\":[]},{\"$id\":\"50\",\"$type\":\"Qlik.Reporting.Reports.Tree.Template.ColumnNode, Qlik.Reporting.Reports.Tree\",\"NodeFilterIds\":[],\"TemplateParentId\":\"NPrinting Failed Tasks Executed (Last 24 Hours)\",\"ObjectId\":\"O\\\\21cc9cf6-a5d6-42a9-8813-0df4314f8c8d\\\\($Field$)\\\\Execution Date\",\"ConnectionId\":\"148e78a2-13e9-45c2-a525-26e3af48fbe9\",\"TemplateId\":\"Execution Date\",\"Settings\":{\"$ref\":\"19\"},\"HasChildren\":false,\"NodeFilter\":null,\"Children\":[]},{\"$id\":\"51\",\"$type\":\"Qlik.Reporting.Reports.Tree.Template.ImageNode, Qlik.Reporting.Reports.Tree\",\"WidthMM\":0.0,\"HeightMM\":0.0,\"DefaultDpi\":96,\"Zoom\":1.0,\"KeepAspectRatioStrategy\":0,\"FallbackStrategy\":0,\"ObjectId\":\"O\\\\vyRvNw\",\"NodeFilterIds\":[],\"ConnectionId\":\"148e78a2-13e9-45c2-a525-26e3af48fbe9\",\"TemplateId\":\"vyRvNw\",\"Settings\":{\"$ref\":\"3\"},\"HasChildren\":false,\"NodeFilter\":null,\"Children\":[]},{\"$id\":\"52\",\"$type\":\"Qlik.Reporting.Reports.Tree.Template.ColumnNode, Qlik.Reporting.Reports.Tree\",\"NodeFilterIds\":[],\"TemplateParentId\":\"NPrinting Upcoming Tasks (Next 24 Hours)\",\"ObjectId\":\"O\\\\0a5f1946-49f2-416f-9aef-341cd3b849dd\\\\($Field$)\\\\='<a href=\\\"'&v_cn_HostName&'/#/tasks/publish/'&[%TaskID]&'/triggers/'&[%TriggerID]&'\\\">'&[Task Name]&'</a>'\",\"ConnectionId\":\"148e78a2-13e9-45c2-a525-26e3af48fbe9\",\"TemplateId\":\"Task_Trigger_1\",\"Settings\":{\"$ref\":\"39\"},\"HasChildren\":false,\"NodeFilter\":null,\"Children\":[]},{\"$id\":\"53\",\"$type\":\"Qlik.Reporting.Reports.Tree.Template.ColumnNode, Qlik.Reporting.Reports.Tree\",\"NodeFilterIds\":[],\"TemplateParentId\":\"NPrinting Upcoming Tasks (Next 24 Hours)\",\"ObjectId\":\"O\\\\0a5f1946-49f2-416f-9aef-341cd3b849dd\\\\($Field$)\\\\Execution Date\",\"ConnectionId\":\"148e78a2-13e9-45c2-a525-26e3af48fbe9\",\"TemplateId\":\"Execution Date_1\",\"Settings\":{\"$ref\":\"27\"},\"HasChildren\":false,\"NodeFilter\":null,\"Children\":[]},{\"$id\":\"54\",\"$type\":\"Qlik.Reporting.Reports.Tree.Template.ImageNode, Qlik.Reporting.Reports.Tree\",\"WidthMM\":0.0,\"HeightMM\":0.0,\"DefaultDpi\":96,\"Zoom\":1.0,\"KeepAspectRatioStrategy\":0,\"FallbackStrategy\":0,\"ObjectId\":\"O\\\\bUfTjP\",\"NodeFilterIds\":[],\"ConnectionId\":\"148e78a2-13e9-45c2-a525-26e3af48fbe9\",\"TemplateId\":\"bUfTjP\",\"Settings\":{\"$ref\":\"5\"},\"HasChildren\":false,\"NodeFilter\":null,\"Children\":[]},{\"$id\":\"55\",\"$type\":\"Qlik.Reporting.Reports.Tree.Template.FormulaNode, Qlik.Reporting.Reports.Tree\",\"NodeFilterIds\":[],\"ConnectionId\":\"148e78a2-13e9-45c2-a525-26e3af48fbe9\",\"TemplateId\":\"TimeNow\",\"Settings\":{\"$ref\":\"7\"},\"HasChildren\":false,\"NodeFilter\":null,\"Children\":[]}],\"HasChildren\":true}}","dataConnections":[{"id":"148e78a2-13e9-45c2-a525-26e3af48fbe9","version":748,"name":"NPrinting Schedule Monitor Connection","matchingConnectionId":"00000000-0000-0000-0000-000000000000"}],"filters":[],"objectFilters":[],"cycleFields":[],"hasDynamicName":false,"hasCycle":false,"variableSequence":null,"qlikViewEntity":null,"emptyStrategy":"FailReport","isQlikEntity":false}